文件名,链接,提取码,分享时间,分享状态
03.星火四级精听班【邵雯等】,https://pan.baidu.com/s/119pE0mlSeGGz4g4MQfiYzQ?pwd=j84j,j84j,2026-03-06 20:03,生成成功
【057】2026年相丽君政治素养刷题班,https://pan.baidu.com/s/14zoROiDVd1ZtN6ZogVkf2Q?pwd=j84j,j84j,2026-03-06 20:03,生成成功
02.星火四级全程班【邵雯等】,https://pan.baidu.com/s/12qQluWorPtvj3O2voL_McA?pwd=j84j,j84j,2026-03-06 20:03,生成成功
2026一建二建造价消防,https://pan.baidu.com/s/1opvzIto-4FBfsXH-Wr8R0A?pwd=j84j,j84j,2026-03-06 20:03,生成成功
01.启航六级全程班【马天艺】,https://pan.baidu.com/s/1f9QBO2jGY3ZLsdQy2OB98g?pwd=j84j,j84j,2026-03-06 20:03,生成成功
【082】2026年CG套卷实战班（10套卷）+冲刺点睛课程,https://pan.baidu.com/s/1mVTgpDfU0P004UryDWjwkg?pwd=j84j,j84j,2026-03-06 20:03,生成成功
【054】2026年CG（五合一）行测+申论超大杯,https://pan.baidu.com/s/1tWwq4LaErnSbIL1OTssppg?pwd=j84j,j84j,2026-03-06 20:03,生成成功
【027】2026年宋捏捏资料分析,https://pan.baidu.com/s/1AQCeP_1OfrGGFr2ur1na4Q?pwd=j84j,j84j,2026-03-06 20:03,生成成功
【088】2026年导氮申论基础理论批改班+批改提升班,https://pan.baidu.com/s/10e9ofxyBg02QmawpiTQV6g?pwd=j84j,j84j,2026-03-06 20:03,生成成功
【085】2026国考白天行测申论高分超车班（含行测176绝技）,https://pan.baidu.com/s/1TJxw0Wr8u4JQ2QUr42013g?pwd=j84j,j84j,2026-03-06 20:03,生成成功
【056】2026年花生十三飞扬行测申论套题一期,https://pan.baidu.com/s/1fl1RxJr6bsxpdeIglZ016Q?pwd=j84j,j84j,2026-03-06 20:03,生成成功
【001】2026年国省考小黑政治理论+常识判断系统班,https://pan.baidu.com/s/19_7zlPZa3OpYApc92B7pBQ?pwd=j84j,j84j,2026-03-06 20:03,生成成功
【007】2026年逻辑不楠判断推理理论课,https://pan.baidu.com/s/1FkhzxcWyGd19GaKtYNeXMw?pwd=j84j,j84j,2026-03-06 20:03,生成成功
【084】2026年国考相丽君申论金卷预测班,https://pan.baidu.com/s/1BmFV1ILqAwiPaE9nWEH7zA?pwd=j84j,j84j,2026-03-06 20:03,生成成功
【092】2026年国考李铁政治理论冲刺课,https://pan.baidu.com/s/1a4yUHoMr476DWoa9E2q3Og?pwd=j84j,j84j,2026-03-06 20:03,生成成功
【011】26爱打篮球的公考人资料分析加速度（速算＋理论+专项刷题）,https://pan.baidu.com/s/1uZeZaddf1pnub5ernqP6uw?pwd=j84j,j84j,2026-03-06 20:03,生成成功
【020】2026年上岸村雨菲言语全新黄金九讲,https://pan.baidu.com/s/1eta3nVLb2UfF8iTrICBVuA?pwd=j84j,j84j,2026-03-06 20:03,生成成功
【041】数量关系系统理论课【叽叽喳喳的公考】,https://pan.baidu.com/s/1MS4NI1u60ZgdOlajvk269A?pwd=j84j,j84j,2026-03-06 20:03,生成成功
【091】2026年言语考前必做100题【郭熙&安杰】,https://pan.baidu.com/s/1OrTuv6BgWyKlIRbcSEUGkA?pwd=j84j,j84j,2026-03-06 20:03,生成成功
【096】2026年李梦娇常识速记口诀88条【11.0版】,https://pan.baidu.com/s/1H_vIOEdm4M9x-_wkE2UoPg?pwd=j84j,j84j,2026-03-06 20:03,生成成功
【046】2026年柳岩逻辑填空必刷300题,https://pan.baidu.com/s/1jX42tExkqd7NOfEvYvbnMw?pwd=j84j,j84j,2026-03-06 20:03,生成成功
【005】2026年初心行测领跑营系统班,https://pan.baidu.com/s/1kzYEVk8HQ3kcLjIli1tFEw?pwd=j84j,j84j,2026-03-06 20:03,生成成功
【021】2026年江牧云申论十全大补抢分课,https://pan.baidu.com/s/1QiTwsw7rlr_BbtwkeojRbw?pwd=j84j,j84j,2026-03-06 20:03,生成成功
2026年启航数学全程班【张宇等】,https://pan.baidu.com/s/1B13tG3lA64Clf3y1rHqe_A?pwd=j84j,j84j,2026-03-06 20:03,生成成功
08.全意四级改命班【边明锐】,https://pan.baidu.com/s/1Q56-zlv9vQixcufzBwGspQ?pwd=j84j,j84j,2026-03-06 20:03,生成成功
【086】2026年资料分析800题（160篇）【爱打篮球的公考人】,https://pan.baidu.com/s/1G5EEdR2ByCGFLiegE7gSog?pwd=j84j,j84j,2026-03-06 20:03,生成成功
【004】2026年袁东申论方法实战班,https://pan.baidu.com/s/1rCGpDnQ3Kvp0RoknRZHoYw?pwd=j84j,j84j,2026-03-06 20:03,生成成功
【053】2026年老闻言语高频成语300词,https://pan.baidu.com/s/1VIj2zcg589NaPjeO88JcEA?pwd=j84j,j84j,2026-03-06 20:03,生成成功
【003】2026龙飞平面图形推理筑基先行班,https://pan.baidu.com/s/1OuZCsOfw1ykmpJD-HD5vjg?pwd=j84j,j84j,2026-03-06 20:03,生成成功
【019】2026年白鹭申论扎马步营+易行,https://pan.baidu.com/s/1Uqs700Eq43YDH0ZdVmQluQ?pwd=j84j,j84j,2026-03-06 20:03,生成成功
【042】速算基础+资料分析系统基础课+70道手把手速算例题 【叽叽喳喳的公考】,https://pan.baidu.com/s/1QuRaj3e5ZGNgjpeb-cNSDA?pwd=j84j,j84j,2026-03-06 20:03,生成成功
【010】2026年国考珂佩申论基础班,https://pan.baidu.com/s/1lqmOAXsiC25zl0k1VQ7vLA?pwd=j84j,j84j,2026-03-06 20:03,生成成功
【029】 2026年鸿哥数量关系旗舰班,https://pan.baidu.com/s/1oNfNF9_3hAAj902DQVZpCQ?pwd=j84j,j84j,2026-03-06 20:03,生成成功
【016】2026年上岸村国省考行测申论一卡通,https://pan.baidu.com/s/1LNkE4gxd23uE_lDszp9a9g?pwd=j84j,j84j,2026-03-06 20:03,生成成功
【008】26考季【超值6+1】理论刷题课,https://pan.baidu.com/s/1VA2FDlYKSvTzsEe5L3XkuQ?pwd=j84j,j84j,2026-03-06 20:03,生成成功
【051】2026年飞扬申论早课分析理解题,https://pan.baidu.com/s/1gmQxpirPORC9gJVv9psNjA?pwd=j84j,j84j,2026-03-06 20:03,生成成功
【081】2026年超好运小bud广东省考申论系统课,https://pan.baidu.com/s/1mA79C__iAFGdtMEfL7i_tw?pwd=j84j,j84j,2026-03-06 20:03,生成成功
【008】2026年大宝小宝言语降维体系课,https://pan.baidu.com/s/1g9USA7xGkIPmC98uQW0o4w?pwd=j84j,j84j,2026-03-06 20:03,生成成功
04.笑过四级全程班【周思成】,https://pan.baidu.com/s/1tgG-T_bFeWaIHHVjrPlgnQ?pwd=j84j,j84j,2026-03-06 20:03,生成成功
【043】合并模块版：数量真题刷题课（800道）【叽叽喳喳的公考】,https://pan.baidu.com/s/1bsfjRTWjT7AZ-pJRUgWNiw?pwd=j84j,j84j,2026-03-06 20:03,生成成功
【024】2026年花生十三飞扬笔试系统班,https://pan.baidu.com/s/1Xp4LVurI_WXuxCs5yucbwg?pwd=j84j,j84j,2026-03-06 20:03,生成成功
06.橙啦六级全程班【石雷鹏】,https://pan.baidu.com/s/12sQjS7qIML4Bf8yBUc4Dcw?pwd=j84j,j84j,2026-03-06 20:03,生成成功
01、2027考研政治,https://pan.baidu.com/s/1SDEVvqKDztnaoml0YUIwzw?pwd=j84j,j84j,2026-03-06 20:03,生成成功
003、2026注会（CPA）,https://pan.baidu.com/s/10GFUErlq5qmj9BwYBtSErQ?pwd=j84j,j84j,2026-03-06 20:03,生成成功
【059】2026年雨菲言语百题斩刷题课,https://pan.baidu.com/s/13VBErzXOn2RZufgfyuipLA?pwd=j84j,j84j,2026-03-06 20:03,生成成功
【013】2026晨宇言语大神思维体系课,https://pan.baidu.com/s/1UAFeT7A5bQoYfjWtuldieg?pwd=j84j,j84j,2026-03-06 20:03,生成成功
2026年张翀数学全程班【Kira等】,https://pan.baidu.com/s/1-rwcWUDUp19kNsfDM_-wEQ?pwd=j84j,j84j,2026-03-06 20:03,生成成功
【033】2026年CG（五合一）行测+申论夸夸刷,https://pan.baidu.com/s/15oZUKsqds2MMTN-nyqtKmQ?pwd=j84j,j84j,2026-03-06 20:03,生成成功
【047】2026年白鹭申论破题阵突破营,https://pan.baidu.com/s/1BkkEm0-zupDs9scAqMnUoA?pwd=j84j,j84j,2026-03-06 20:03,生成成功
【087】2026年龙飞立体图推理论刷题班,https://pan.baidu.com/s/1ltHh_zFUJEY392y0lquETg?pwd=j84j,j84j,2026-03-06 20:03,生成成功
【055】2026年小张申论系统课【22期】,https://pan.baidu.com/s/1VgODMFXPC62vTDtwKUpoZw?pwd=j84j,j84j,2026-03-06 20:03,生成成功
【099】2026年贺冲申论系统课,https://pan.baidu.com/s/17rB_QszcTUt0qboP8cYNGw?pwd=j84j,j84j,2026-03-06 20:03,生成成功
07.东方六级全程班【陈志超】,https://pan.baidu.com/s/1llGFAnVIPNXCttJMQAjKnA?pwd=j84j,j84j,2026-03-06 20:03,生成成功
【026】2026相丽君申论技巧趣学班,https://pan.baidu.com/s/1ZbylaE9vikxh8wKU1R1pyw?pwd=j84j,j84j,2026-03-06 20:03,生成成功
【095】2026年花生十三飞扬行测申论套题二期,https://pan.baidu.com/s/1yqfTIEKNd3TBNCoup3J0Kw?pwd=j84j,j84j,2026-03-06 20:03,生成成功
【018】2026年花生十三全科争议题专项解析班,https://pan.baidu.com/s/18g4xAdR-d0AuMdtn_o9Z3w?pwd=j84j,j84j,2026-03-06 20:03,生成成功
【098】2026年广东省考政治理论（考点速通）,https://pan.baidu.com/s/1VQNw0lbgOVqIqGgBErSk9A?pwd=j84j,j84j,2026-03-06 20:03,生成成功
【000】2026年公安课程,https://pan.baidu.com/s/1V0aTqpMMH2oEZCRGoelQ7A?pwd=j84j,j84j,2026-03-06 20:03,生成成功
【090】2026年国考大懒猫言语魔鬼冲刺营,https://pan.baidu.com/s/1hGPhZjofOxhnCA-nZ4tUIg?pwd=j84j,j84j,2026-03-06 20:03,生成成功
【036】2026年老牟深算之速算大练兵,https://pan.baidu.com/s/153DBR7sUbdTBEsKCSkWDtw?pwd=j84j,j84j,2026-03-06 20:03,生成成功
【050】2026年宋捏捏数量关系,https://pan.baidu.com/s/1_p6Strh3BPxwMXhFFeCALA?pwd=j84j,j84j,2026-03-06 20:03,生成成功
001、2026初级会计,https://pan.baidu.com/s/101MlQXMULyPrhSGrkaBfUw?pwd=j84j,j84j,2026-03-06 20:03,生成成功
002、2026中级会计,https://pan.baidu.com/s/1z6i9y1NTFvHwlg3ifOLrcQ?pwd=j84j,j84j,2026-03-06 20:03,生成成功
【089】2026年袁东申论行政执法卷考前冲刺班,https://pan.baidu.com/s/10euwKByCqUWnfrSyO1ghzA?pwd=j84j,j84j,2026-03-06 20:03,生成成功
【037】2026年大懒猫言语专项600题,https://pan.baidu.com/s/1xjgzGdlDT1HXmVw9HofPaA?pwd=j84j,j84j,2026-03-06 20:03,生成成功
【094】2026年广东省考申论理论课【登科七月】,https://pan.baidu.com/s/1FBNnkn6tOHDXiitpOrFCMQ?pwd=j84j,j84j,2026-03-06 20:03,生成成功
【023】2026年袁东大作文专项班,https://pan.baidu.com/s/1J6zfbbQigf15vokMGAejkA?pwd=j84j,j84j,2026-03-06 20:03,生成成功
【012】2026年国考过了暖冬笔试系统班,https://pan.baidu.com/s/1zl8cU2sdlViCjQx9EGZOvA?pwd=j84j,j84j,2026-03-06 20:03,生成成功
【060】2026年国省考忠政申论小巨人班,https://pan.baidu.com/s/1gThTzx3bSQZTt9fQk5SfnQ?pwd=j84j,j84j,2026-03-06 20:03,生成成功
【032】2026年龙飞平面图推500题刷题精讲班,https://pan.baidu.com/s/1nUArgBrS5YKUUOOXHCcskA?pwd=j84j,j84j,2026-03-06 20:03,生成成功
【049】2026年相丽君文章写作训练营,https://pan.baidu.com/s/1GPEZPwFdL6F5QdM9L9KrNw?pwd=j84j,j84j,2026-03-06 20:03,生成成功
【031】2026年青菜白玉汤判断推理体系课,https://pan.baidu.com/s/1K_05tjOCQ4cukzYEsdZPyw?pwd=j84j,j84j,2026-03-06 20:03,生成成功
【058】2026年忧郁牛牛数量全真模拟刷题课,https://pan.baidu.com/s/1bGNuW_XYvt3ZvCRzukkKtw?pwd=j84j,j84j,2026-03-06 20:03,生成成功
01.【2026考研计算机】王道全程班！,https://pan.baidu.com/s/1lNnedZyx8ejg-WpkqdYPBQ?pwd=j84j,j84j,2026-03-06 20:03,生成成功
【039】2026年阿里木江言语系统班,https://pan.baidu.com/s/1Mbuqpcj80JnOhSgJG66Cdw?pwd=j84j,j84j,2026-03-06 20:03,生成成功
【092】2026年广东科推推理考点清单课【科小推车】,https://pan.baidu.com/s/1Yt6sKof47JDzWI009Ft-mA?pwd=j84j,j84j,2026-03-06 20:03,生成成功
【028】2026李卜常识政治理论开天斧,https://pan.baidu.com/s/1eEKTcL43VpJrwP1MfYjyug?pwd=j84j,j84j,2026-03-06 20:03,生成成功
【100】2026年国考&广东小新公考行测刷题,https://pan.baidu.com/s/1aNy5Pg6aJWC4p3sjMTUMQg?pwd=j84j,j84j,2026-03-06 20:03,生成成功
【015】2026年国考大懒猫言语理解理论课,https://pan.baidu.com/s/1R6C7gciNfl-pXyAdfs-row?pwd=j84j,j84j,2026-03-06 20:03,生成成功
【014】2026年叽叽喳喳数量精讲快解50套题,https://pan.baidu.com/s/1UwA0Iuh8EZat2-nhN7XChQ?pwd=j84j,j84j,2026-03-06 20:03,生成成功
05.有道六级全程班【陈曲等】,https://pan.baidu.com/s/1etoEOURJkZTGHrjHAtx8pg?pwd=j84j,j84j,2026-03-06 20:03,生成成功
【022】2026年小P公考数资判系统班,https://pan.baidu.com/s/1mEU7_pVjALEU_6dtXfaKjg?pwd=j84j,j84j,2026-03-06 20:03,生成成功
02.星火六级全程班【邵雯等】,https://pan.baidu.com/s/1Hl0cARbCHbXbHRMUJ2ah_g?pwd=j84j,j84j,2026-03-06 20:03,生成成功
【093】2026年广东省考行政执法专业科目必刷1000题,https://pan.baidu.com/s/1YaQXcRx1YM20f_MhK5TdkQ?pwd=j84j,j84j,2026-03-06 20:03,生成成功
06.橙啦四级全程班【石雷鹏】,https://pan.baidu.com/s/1DIjI-PRETcjfcqsNz6e-dw?pwd=j84j,j84j,2026-03-06 20:03,生成成功
【025】2026年老夫子申论公文素养课,https://pan.baidu.com/s/1BNQH3DhICDCo4-3HrehbfA?pwd=j84j,j84j,2026-03-06 20:03,生成成功
【044】合并套题版：数量最新五年国省联选（59套）【叽叽喳喳的公考】,https://pan.baidu.com/s/18hcvJYHxT3K5al51Hkd7Sg?pwd=j84j,j84j,2026-03-06 20:03,生成成功
【048】2026年忧郁牛牛行测训练营,https://pan.baidu.com/s/11OCvi2MRuoi9CBgvFbxYOg?pwd=j84j,j84j,2026-03-06 20:03,生成成功
2026年金榜数学全程班【李永乐】,https://pan.baidu.com/s/15hi-eVC_ZF1Npx2mqVkHRg?pwd=j84j,j84j,2026-03-06 20:03,生成成功
02、2026国考,https://pan.baidu.com/s/1iv7bGalmBuCU0-lfcYje1w?pwd=j84j,j84j,2026-03-06 20:03,生成成功
【052】2026年老闻言语百日攻坚,https://pan.baidu.com/s/1r-maz2Zzq8SARh-DfbyUqg?pwd=j84j,j84j,2026-03-06 20:03,生成成功
【006】2026年行测+申论（六合一）理论实战班【CG】,https://pan.baidu.com/s/1si02ze9Ssix7CJj5cLh7Yw?pwd=j84j,j84j,2026-03-06 20:03,生成成功
【083】2026年飞扬申论大作文早课,https://pan.baidu.com/s/1-oAVS8L2rulwNU6Vgdlc-w?pwd=j84j,j84j,2026-03-06 20:03,生成成功
【053】2026年【超值7+1】理论刷题课,https://pan.baidu.com/s/1VNo1v2xABYi5gg5WzMMe9w?pwd=j84j,j84j,2026-03-06 20:03,生成成功
03.星火六级精听班【邵雯等】,https://pan.baidu.com/s/1FOVHvG8D-sgYoQGWKIq5zg?pwd=j84j,j84j,2026-03-06 20:03,生成成功
【097】2026年小张申论系统课【第22期】,https://pan.baidu.com/s/1QsQrKML7mYeFE8hrYnPRSA?pwd=j84j,j84j,2026-03-06 20:03,生成成功
01.启航四级全程班【马天艺】,https://pan.baidu.com/s/1Di80uG02DnYh-0JH7w-QBw?pwd=j84j,j84j,2026-03-06 20:03,生成成功
【097】2026年翻斗花园副园长政治理论,https://pan.baidu.com/s/1jP3mJDzSp19o4DTqO71DXA?pwd=j84j,j84j,2026-03-06 20:03,生成成功
08.全意六级改命班【边明锐】,https://pan.baidu.com/s/1JMBHs1-uLMZunvUHjVi-MA?pwd=j84j,j84j,2026-03-06 20:03,生成成功
04.笑过六级全程班【周思成】,https://pan.baidu.com/s/1KIEcoN3jKUc-4WzyovY47A?pwd=j84j,j84j,2026-03-06 20:03,生成成功
【009】2026年金标尺四川定向乡镇公务员高端班,https://pan.baidu.com/s/1hCvG_HxoJZoRJ6TNfgkDQw?pwd=j84j,j84j,2026-03-06 20:03,生成成功
【045】资料估算拔高9讲+1000道最新五年真题【叽叽喳喳的公考】,https://pan.baidu.com/s/15SalLT1HdMGa4iUIfogQbA?pwd=j84j,j84j,2026-03-06 20:03,生成成功
【034】2026年袁东申论超大杯刷题班,https://pan.baidu.com/s/1VWmrGNlU_KnsAuaBu5mYZA?pwd=j84j,j84j,2026-03-06 20:03,生成成功
【017】2026年国考陈八十行测全程无忧学,https://pan.baidu.com/s/1TYO1pxopTy2nkZFY7d3Tig?pwd=j84j,j84j,2026-03-06 20:03,生成成功
【002】2026年国省事三考大姨夫三合一全家桶,https://pan.baidu.com/s/10eRgQh9Do6nnj7_tO7dbtQ?pwd=j84j,j84j,2026-03-06 20:03,生成成功
【035】2026苏金朋判断推理通关班,https://pan.baidu.com/s/1rCMtnSiaicanPP-420ic2g?pwd=j84j,j84j,2026-03-06 20:03,生成成功
2026年韦林数学全程班【余炳森】,https://pan.baidu.com/s/1iv2TPXY8qmEPSI1rmFDUOQ?pwd=j84j,j84j,2026-03-06 20:03,生成成功
【038】2026年小黑政治理论常识全家桶,https://pan.baidu.com/s/12SDLcaNGAzRhusvLCp_1CQ?pwd=j84j,j84j,2026-03-06 20:03,生成成功
【040】2026年公考大姨夫王军涛政治理论系统班,https://pan.baidu.com/s/1Qftk4UbfCZcXNp7zz3N8AQ?pwd=j84j,j84j,2026-03-06 20:03,生成成功
25年12月四级（渠道2）,https://pan.baidu.com/s/1B7zxL-4icO5tUd7Cke-NQg?pwd=j84j,j84j,2026-03-06 20:03,生成成功
07.东方四级全程班【陈志超】,https://pan.baidu.com/s/17plX8dn-E5y_hsglNGAQew?pwd=j84j,j84j,2026-03-06 20:03,生成成功
【030】2026年为民公考刘大师申论系统班,https://pan.baidu.com/s/1GMU5NdLuMo_J9Xz9NIGy5A?pwd=j84j,j84j,2026-03-06 20:03,生成成功
05.有道四级全程班【曲根等】,https://pan.baidu.com/s/1Pd4lzykNsF35lAu2StaNaw?pwd=j84j,j84j,2026-03-06 20:03,生成成功
【091】2026年广东省考行政执法申论专项,https://pan.baidu.com/s/1o3pXaS1zOovnFPaQXQyQqg?pwd=j84j,j84j,2026-03-06 20:03,生成成功
25年12月六级（渠道2）,https://pan.baidu.com/s/1yQUahmNTYxbSLZ6ErakM7A?pwd=j84j,j84j,2026-03-06 20:03,生成成功